PAC,district,id,left,top,right,bottom,seekinghelpnum,stationnum,hospitalnum,oldpeonum
420104,硚口区,11,871667.5035,3828391.12,872667.5035,3827391.12,0,0,0,0
420104,硚口区,12,871667.5035,3827391.12,872667.5035,3826391.12,0,0,0,0
420104,硚口区,39,872667.5035,3829391.12,873667.5035,3828391.12,0,0,0,0
420104,硚口区,40,872667.5035,3828391.12,873667.5035,3827391.12,0,0,0,0
420104,硚口区,41,872667.5035,3827391.12,873667.5035,3826391.12,0,2,0,0
420104,硚口区,42,872667.5035,3826391.12,873667.5035,3825391.12,0,0,0,0
420104,硚口区,68,873667.5035,3829391.12,874667.5035,3828391.12,0,0,0,0
420104,硚口区,69,873667.5035,3828391.12,874667.5035,3827391.12,0,0,0,0
420104,硚口区,70,873667.5035,3827391.12,874667.5035,3826391.12,0,2,0,0
420104,硚口区,71,873667.5035,3826391.12,874667.5035,3825391.12,0,2,0,0
420105,汉阳区,72,873667.5035,3825391.12,874667.5035,3824391.12,0,0,0,0
420105,汉阳区,73,873667.5035,3824391.12,874667.5035,3823391.12,0,0,0,0
420105,汉阳区,74,873667.5035,3823391.12,874667.5035,3822391.12,0,0,0,0
420105,汉阳区,75,873667.5035,3822391.12,874667.5035,3821391.12,0,0,0,0
420105,汉阳区,76,873667.5035,3821391.12,874667.5035,3820391.12,0,0,0,0
420105,汉阳区,77,873667.5035,3820391.12,874667.5035,3819391.12,0,0,0,0
420104,硚口区,97,874667.5035,3829391.12,875667.5035,3828391.12,0,0,0,0
420104,硚口区,98,874667.5035,3828391.12,875667.5035,3827391.12,0,0,0,0
420104,硚口区,99,874667.5035,3827391.12,875667.5035,3826391.12,0,0,0,0
420104,硚口区,100,874667.5035,3826391.12,875667.5035,3825391.12,0,0,0,0
420105,汉阳区,101,874667.5035,3825391.12,875667.5035,3824391.12,0,0,0,0
420104,硚口区,102,874667.5035,3824391.12,875667.5035,3823391.12,0,0,0,0
420105,汉阳区,103,874667.5035,3823391.12,875667.5035,3822391.12,0,0,0,0
420105,汉阳区,104,874667.5035,3822391.12,875667.5035,3821391.12,0,2,0,0
420105,汉阳区,105,874667.5035,3821391.12,875667.5035,3820391.12,0,0,0,0
420105,汉阳区,106,874667.5035,3820391.12,875667.5035,3819391.12,0,0,0,0
420105,汉阳区,107,874667.5035,3819391.12,875667.5035,3818391.12,0,0,0,0
420104,硚口区,126,875667.5035,3829391.12,876667.5035,3828391.12,0,0,0,0
420104,硚口区,127,875667.5035,3828391.12,876667.5035,3827391.12,0,0,0,0
420104,硚口区,128,875667.5035,3827391.12,876667.5035,3826391.12,0,0,0,2
420104,硚口区,129,875667.5035,3826391.12,876667.5035,3825391.12,2,2,0,1
420104,硚口区,130,875667.5035,3825391.12,876667.5035,3824391.12,8,0,0,1
420104,硚口区,131,875667.5035,3824391.12,876667.5035,3823391.12,0,0,0,0
420105,汉阳区,131,875667.5035,3824391.12,876667.5035,3823391.12,0,0,0,0
420104,硚口区,132,875667.5035,3823391.12,876667.5035,3822391.12,0,0,0,0
420105,汉阳区,133,875667.5035,3822391.12,876667.5035,3821391.12,0,0,0,0
420105,汉阳区,134,875667.5035,3821391.12,876667.5035,3820391.12,0,0,0,0
420105,汉阳区,135,875667.5035,3820391.12,876667.5035,3819391.12,0,0,0,0
420105,汉阳区,136,875667.5035,3819391.12,876667.5035,3818391.12,0,0,0,0
420104,硚口区,156,876667.5035,3828391.12,877667.5035,3827391.12,0,0,0,0
420104,硚口区,157,876667.5035,3827391.12,877667.5035,3826391.12,0,0,0,1
420104,硚口区,158,876667.5035,3826391.12,877667.5035,3825391.12,0,0,0,2
420104,硚口区,159,876667.5035,3825391.12,877667.5035,3824391.12,6,2,0,3
420104,硚口区,160,876667.5035,3824391.12,877667.5035,3823391.12,1,0,0,0
420104,硚口区,161,876667.5035,3823391.12,877667.5035,3822391.12,0,0,0,0
420105,汉阳区,162,876667.5035,3822391.12,877667.5035,3821391.12,0,2,0,0
420105,汉阳区,163,876667.5035,3821391.12,877667.5035,3820391.12,0,0,0,0
420105,汉阳区,164,876667.5035,3820391.12,877667.5035,3819391.12,0,0,0,0
420105,汉阳区,165,876667.5035,3819391.12,877667.5035,3818391.12,0,0,0,0
420105,汉阳区,166,876667.5035,3818391.12,877667.5035,3817391.12,0,2,0,0
420104,硚口区,184,877667.5035,3829391.12,878667.5035,3828391.12,0,0,0,0
420104,硚口区,185,877667.5035,3828391.12,878667.5035,3827391.12,0,0,0,0
420104,硚口区,186,877667.5035,3827391.12,878667.5035,3826391.12,0,0,0,2
420104,硚口区,187,877667.5035,3826391.12,878667.5035,3825391.12,1,0,0,3
420104,硚口区,188,877667.5035,3825391.12,878667.5035,3824391.12,2,4,1,0
420105,汉阳区,189,877667.5035,3824391.12,878667.5035,3823391.12,0,0,0,0
420105,汉阳区,190,877667.5035,3823391.12,878667.5035,3822391.12,0,0,0,0
420105,汉阳区,191,877667.5035,3822391.12,878667.5035,3821391.12,3,2,0,0
420105,汉阳区,192,877667.5035,3821391.12,878667.5035,3820391.12,1,2,0,0
420105,汉阳区,193,877667.5035,3820391.12,878667.5035,3819391.12,0,2,0,1
420105,汉阳区,194,877667.5035,3819391.12,878667.5035,3818391.12,0,0,0,0
420105,汉阳区,195,877667.5035,3818391.12,878667.5035,3817391.12,0,0,0,1
420105,汉阳区,196,877667.5035,3817391.12,878667.5035,3816391.12,0,0,0,0
420105,汉阳区,197,877667.5035,3816391.12,878667.5035,3815391.12,0,0,0,0
420104,硚口区,213,878667.5035,3829391.12,879667.5035,3828391.12,0,0,0,0
420104,硚口区,214,878667.5035,3828391.12,879667.5035,3827391.12,0,2,0,0
420104,硚口区,215,878667.5035,3827391.12,879667.5035,3826391.12,0,0,0,0
420104,硚口区,216,878667.5035,3826391.12,879667.5035,3825391.12,0,0,0,0
420104,硚口区,217,878667.5035,3825391.12,879667.5035,3824391.12,0,0,0,0
420105,汉阳区,218,878667.5035,3824391.12,879667.5035,3823391.12,0,2,0,0
420104,硚口区,219,878667.5035,3823391.12,879667.5035,3822391.12,0,0,0,0
420105,汉阳区,220,878667.5035,3822391.12,879667.5035,3821391.12,2,2,1,0
420105,汉阳区,221,878667.5035,3821391.12,879667.5035,3820391.12,4,2,0,1
420105,汉阳区,222,878667.5035,3820391.12,879667.5035,3819391.12,0,0,0,0
420105,汉阳区,223,878667.5035,3819391.12,879667.5035,3818391.12,0,0,0,1
420105,汉阳区,224,878667.5035,3818391.12,879667.5035,3817391.12,0,0,0,1
420105,汉阳区,225,878667.5035,3817391.12,879667.5035,3816391.12,0,0,0,0
420105,汉阳区,226,878667.5035,3816391.12,879667.5035,3815391.12,0,0,0,0
420105,汉阳区,227,878667.5035,3815391.12,879667.5035,3814391.12,0,0,0,0
420103,汉口区,241,879667.5035,3830391.12,880667.5035,3829391.12,0,0,0,0
420103,汉口区,242,879667.5035,3829391.12,880667.5035,3828391.12,0,0,0,0
420104,硚口区,243,879667.5035,3828391.12,880667.5035,3827391.12,0,0,0,0
420103,汉口区,244,879667.5035,3827391.12,880667.5035,3826391.12,0,0,0,0
420103,汉口区,245,879667.5035,3826391.12,880667.5035,3825391.12,0,2,0,0
420104,硚口区,245,879667.5035,3826391.12,880667.5035,3825391.12,0,0,0,0
420103,汉口区,246,879667.5035,3825391.12,880667.5035,3824391.12,0,0,0,0
420104,硚口区,247,879667.5035,3824391.12,880667.5035,3823391.12,0,4,0,0
420104,硚口区,248,879667.5035,3823391.12,880667.5035,3822391.12,0,0,0,0
420105,汉阳区,249,879667.5035,3822391.12,880667.5035,3821391.12,6,0,0,1
420105,汉阳区,250,879667.5035,3821391.12,880667.5035,3820391.12,3,2,0,0
420105,汉阳区,251,879667.5035,3820391.12,880667.5035,3819391.12,0,0,0,1
420105,汉阳区,252,879667.5035,3819391.12,880667.5035,3818391.12,0,0,0,0
420105,汉阳区,253,879667.5035,3818391.12,880667.5035,3817391.12,0,0,0,0
420105,汉阳区,254,879667.5035,3817391.12,880667.5035,3816391.12,0,0,0,0
420105,汉阳区,255,879667.5035,3816391.12,880667.5035,3815391.12,0,0,0,0
420105,汉阳区,256,879667.5035,3815391.12,880667.5035,3814391.12,0,0,0,0
420103,汉口区,270,880667.5035,3830391.12,881667.5035,3829391.12,0,0,0,0
420103,汉口区,271,880667.5035,3829391.12,881667.5035,3828391.12,0,2,0,0
420103,汉口区,272,880667.5035,3828391.12,881667.5035,3827391.12,0,0,0,0
420103,汉口区,273,880667.5035,3827391.12,881667.5035,3826391.12,0,0,0,0
420104,硚口区,274,880667.5035,3826391.12,881667.5035,3825391.12,0,0,0,0
420103,汉口区,275,880667.5035,3825391.12,881667.5035,3824391.12,0,0,0,0
420104,硚口区,276,880667.5035,3824391.12,881667.5035,3823391.12,0,0,0,0
420105,汉阳区,277,880667.5035,3823391.12,881667.5035,3822391.12,0,2,0,0
420105,汉阳区,278,880667.5035,3822391.12,881667.5035,3821391.12,0,0,0,0
420105,汉阳区,279,880667.5035,3821391.12,881667.5035,3820391.12,0,2,0,2
420105,汉阳区,280,880667.5035,3820391.12,881667.5035,3819391.12,0,0,0,1
420105,汉阳区,281,880667.5035,3819391.12,881667.5035,3818391.12,0,0,0,0
420105,汉阳区,282,880667.5035,3818391.12,881667.5035,3817391.12,0,0,0,0
420105,汉阳区,283,880667.5035,3817391.12,881667.5035,3816391.12,0,0,0,0
420105,汉阳区,284,880667.5035,3816391.12,881667.5035,3815391.12,0,0,0,0
420105,汉阳区,285,880667.5035,3815391.12,881667.5035,3814391.12,0,0,0,0
420105,汉阳区,286,880667.5035,3814391.12,881667.5035,3813391.12,0,0,0,0
420103,汉口区,298,881667.5035,3831391.12,882667.5035,3830391.12,0,0,0,0
420103,汉口区,299,881667.5035,3830391.12,882667.5035,3829391.12,0,0,0,0
420103,汉口区,300,881667.5035,3829391.12,882667.5035,3828391.12,0,0,0,0
420103,汉口区,301,881667.5035,3828391.12,882667.5035,3827391.12,0,2,0,0
420103,汉口区,302,881667.5035,3827391.12,882667.5035,3826391.12,0,2,0,3
420103,汉口区,303,881667.5035,3826391.12,882667.5035,3825391.12,1,4,0,3
420103,汉口区,304,881667.5035,3825391.12,882667.5035,3824391.12,0,0,0,1
420104,硚口区,305,881667.5035,3824391.12,882667.5035,3823391.12,5,0,0,0
420104,硚口区,306,881667.5035,3823391.12,882667.5035,3822391.12,5,2,0,0
420105,汉阳区,306,881667.5035,3823391.12,882667.5035,3822391.12,5,2,0,0
420104,硚口区,307,881667.5035,3822391.12,882667.5035,3821391.12,0,0,0,0
420105,汉阳区,308,881667.5035,3821391.12,882667.5035,3820391.12,0,2,0,3
420105,汉阳区,309,881667.5035,3820391.12,882667.5035,3819391.12,1,0,0,0
420105,汉阳区,310,881667.5035,3819391.12,882667.5035,3818391.12,0,0,0,1
420105,汉阳区,311,881667.5035,3818391.12,882667.5035,3817391.12,0,0,0,0
420105,汉阳区,312,881667.5035,3817391.12,882667.5035,3816391.12,0,0,0,0
420105,汉阳区,313,881667.5035,3816391.12,882667.5035,3815391.12,0,4,0,0
420105,汉阳区,314,881667.5035,3815391.12,882667.5035,3814391.12,0,0,0,0
420105,汉阳区,315,881667.5035,3814391.12,882667.5035,3813391.12,0,0,0,0
420102,江岸区,326,882667.5035,3832391.12,883667.5035,3831391.12,0,0,0,0
420103,汉口区,327,882667.5035,3831391.12,883667.5035,3830391.12,0,0,0,0
420103,汉口区,328,882667.5035,3830391.12,883667.5035,3829391.12,0,4,0,0
420102,江岸区,329,882667.5035,3829391.12,883667.5035,3828391.12,0,0,0,0
420103,汉口区,329,882667.5035,3829391.12,883667.5035,3828391.12,0,0,0,0
420103,汉口区,330,882667.5035,3828391.12,883667.5035,3827391.12,0,0,0,1
420103,汉口区,331,882667.5035,3827391.12,883667.5035,3826391.12,1,4,0,5
420103,汉口区,332,882667.5035,3826391.12,883667.5035,3825391.12,4,4,0,1
420104,硚口区,333,882667.5035,3825391.12,883667.5035,3824391.12,4,0,0,1
420104,硚口区,334,882667.5035,3824391.12,883667.5035,3823391.12,2,2,0,0
420104,硚口区,335,882667.5035,3823391.12,883667.5035,3822391.12,7,0,0,0
420105,汉阳区,336,882667.5035,3822391.12,883667.5035,3821391.12,1,0,0,0
420105,汉阳区,337,882667.5035,3821391.12,883667.5035,3820391.12,1,2,0,0
420105,汉阳区,338,882667.5035,3820391.12,883667.5035,3819391.12,4,0,0,0
420105,汉阳区,339,882667.5035,3819391.12,883667.5035,3818391.12,2,0,0,0
420105,汉阳区,340,882667.5035,3818391.12,883667.5035,3817391.12,2,0,0,2
420105,汉阳区,341,882667.5035,3817391.12,883667.5035,3816391.12,0,2,0,0
420105,汉阳区,342,882667.5035,3816391.12,883667.5035,3815391.12,0,0,0,0
420111,洪山区,343,882667.5035,3815391.12,883667.5035,3814391.12,0,0,0,0
420111,洪山区,344,882667.5035,3814391.12,883667.5035,3813391.12,0,0,0,0
420111,洪山区,345,882667.5035,3813391.12,883667.5035,3812391.12,0,0,0,0
420102,江岸区,353,883667.5035,3834391.12,884667.5035,3833391.12,0,0,0,0
420102,江岸区,354,883667.5035,3833391.12,884667.5035,3832391.12,0,0,0,0
420102,江岸区,355,883667.5035,3832391.12,884667.5035,3831391.12,0,2,0,1
420102,江岸区,356,883667.5035,3831391.12,884667.5035,3830391.12,0,2,0,2
420102,江岸区,357,883667.5035,3830391.12,884667.5035,3829391.12,0,0,0,1
420102,江岸区,358,883667.5035,3829391.12,884667.5035,3828391.12,0,0,0,0
420102,江岸区,359,883667.5035,3828391.12,884667.5035,3827391.12,0,4,0,0
420103,汉口区,360,883667.5035,3827391.12,884667.5035,3826391.12,0,2,0,0
420102,江岸区,361,883667.5035,3826391.12,884667.5035,3825391.12,0,2,0,0
420102,江岸区,362,883667.5035,3825391.12,884667.5035,3824391.12,3,4,0,0
420103,汉口区,362,883667.5035,3825391.12,884667.5035,3824391.12,3,4,0,0
420103,汉口区,363,883667.5035,3824391.12,884667.5035,3823391.12,13,2,1,0
420104,硚口区,364,883667.5035,3823391.12,884667.5035,3822391.12,1,2,0,0
420104,硚口区,365,883667.5035,3822391.12,884667.5035,3821391.12,0,2,0,0
420105,汉阳区,366,883667.5035,3821391.12,884667.5035,3820391.12,3,4,0,0
420105,汉阳区,367,883667.5035,3820391.12,884667.5035,3819391.12,0,2,0,1
420105,汉阳区,368,883667.5035,3819391.12,884667.5035,3818391.12,2,0,0,1
420105,汉阳区,369,883667.5035,3818391.12,884667.5035,3817391.12,1,2,0,1
420105,汉阳区,370,883667.5035,3817391.12,884667.5035,3816391.12,0,0,0,0
420105,汉阳区,371,883667.5035,3816391.12,884667.5035,3815391.12,0,0,0,0
420111,洪山区,372,883667.5035,3815391.12,884667.5035,3814391.12,0,0,0,0
420111,洪山区,373,883667.5035,3814391.12,884667.5035,3813391.12,0,0,0,0
420111,洪山区,374,883667.5035,3813391.12,884667.5035,3812391.12,0,0,0,0
420102,江岸区,381,884667.5035,3835391.12,885667.5035,3834391.12,0,0,0,0
420102,江岸区,382,884667.5035,3834391.12,885667.5035,3833391.12,0,0,0,0
420102,江岸区,383,884667.5035,3833391.12,885667.5035,3832391.12,0,0,0,0
420102,江岸区,384,884667.5035,3832391.12,885667.5035,3831391.12,0,0,0,1
420102,江岸区,385,884667.5035,3831391.12,885667.5035,3830391.12,0,0,0,2
420102,江岸区,386,884667.5035,3830391.12,885667.5035,3829391.12,2,0,0,1
420102,江岸区,387,884667.5035,3829391.12,885667.5035,3828391.12,6,2,0,2
420102,江岸区,388,884667.5035,3828391.12,885667.5035,3827391.12,1,0,0,0
420103,汉口区,389,884667.5035,3827391.12,885667.5035,3826391.12,2,6,0,0
420102,江岸区,390,884667.5035,3826391.12,885667.5035,3825391.12,4,0,0,0
420102,江岸区,391,884667.5035,3825391.12,885667.5035,3824391.12,11,0,2,0
420103,汉口区,392,884667.5035,3824391.12,885667.5035,3823391.12,4,2,0,0
420104,硚口区,392,884667.5035,3824391.12,885667.5035,3823391.12,4,2,0,0
420103,汉口区,393,884667.5035,3823391.12,885667.5035,3822391.12,1,2,2,0
420105,汉阳区,394,884667.5035,3822391.12,885667.5035,3821391.12,0,0,0,0
420105,汉阳区,395,884667.5035,3821391.12,885667.5035,3820391.12,0,0,0,0
420105,汉阳区,396,884667.5035,3820391.12,885667.5035,3819391.12,0,2,0,0
420105,汉阳区,397,884667.5035,3819391.12,885667.5035,3818391.12,0,0,0,0
420105,汉阳区,398,884667.5035,3818391.12,885667.5035,3817391.12,0,0,0,0
420105,汉阳区,399,884667.5035,3817391.12,885667.5035,3816391.12,0,0,0,0
420111,洪山区,400,884667.5035,3816391.12,885667.5035,3815391.12,0,0,0,0
420111,洪山区,401,884667.5035,3815391.12,885667.5035,3814391.12,0,0,0,0
420111,洪山区,402,884667.5035,3814391.12,885667.5035,3813391.12,0,0,0,0
420111,洪山区,403,884667.5035,3813391.12,885667.5035,3812391.12,0,0,0,0
420111,洪山区,404,884667.5035,3812391.12,885667.5035,3811391.12,0,0,0,0
420102,江岸区,410,885667.5035,3835391.12,886667.5035,3834391.12,0,0,0,0
420102,江岸区,411,885667.5035,3834391.12,886667.5035,3833391.12,0,0,0,0
420102,江岸区,412,885667.5035,3833391.12,886667.5035,3832391.12,0,2,0,0
420102,江岸区,413,885667.5035,3832391.12,886667.5035,3831391.12,0,2,0,1
420102,江岸区,414,885667.5035,3831391.12,886667.5035,3830391.12,4,0,0,0
420102,江岸区,415,885667.5035,3830391.12,886667.5035,3829391.12,7,0,0,1
420102,江岸区,416,885667.5035,3829391.12,886667.5035,3828391.12,4,4,0,0
420102,江岸区,417,885667.5035,3828391.12,886667.5035,3827391.12,5,2,0,0
420102,江岸区,418,885667.5035,3827391.12,886667.5035,3826391.12,5,2,1,0
420102,江岸区,419,885667.5035,3826391.12,886667.5035,3825391.12,8,4,0,0
420103,汉口区,420,885667.5035,3825391.12,886667.5035,3824391.12,0,4,1,0
420102,江岸区,421,885667.5035,3824391.12,886667.5035,3823391.12,2,6,1,0
420103,汉口区,422,885667.5035,3823391.12,886667.5035,3822391.12,0,0,0,0
420104,硚口区,423,885667.5035,3822391.12,886667.5035,3821391.12,0,0,0,0
420105,汉阳区,424,885667.5035,3821391.12,886667.5035,3820391.12,0,0,0,0
420105,汉阳区,425,885667.5035,3820391.12,886667.5035,3819391.12,0,0,0,0
420105,汉阳区,426,885667.5035,3819391.12,886667.5035,3818391.12,0,0,0,0
420106,武昌区,426,885667.5035,3819391.12,886667.5035,3818391.12,0,0,0,0
420105,汉阳区,427,885667.5035,3818391.12,886667.5035,3817391.12,0,0,0,0
420106,武昌区,428,885667.5035,3817391.12,886667.5035,3816391.12,0,0,0,0
420106,武昌区,429,885667.5035,3816391.12,886667.5035,3815391.12,0,0,0,0
420106,武昌区,430,885667.5035,3815391.12,886667.5035,3814391.12,0,0,0,0
420111,洪山区,430,885667.5035,3815391.12,886667.5035,3814391.12,0,0,0,0
420111,洪山区,431,885667.5035,3814391.12,886667.5035,3813391.12,0,0,0,0
420111,洪山区,432,885667.5035,3813391.12,886667.5035,3812391.12,0,0,0,0
420111,洪山区,433,885667.5035,3812391.12,886667.5035,3811391.12,0,0,0,0
420102,江岸区,438,886667.5035,3836391.12,887667.5035,3835391.12,0,0,0,0
420102,江岸区,439,886667.5035,3835391.12,887667.5035,3834391.12,0,0,0,0
420102,江岸区,440,886667.5035,3834391.12,887667.5035,3833391.12,0,0,0,0
420102,江岸区,441,886667.5035,3833391.12,887667.5035,3832391.12,0,2,0,0
420102,江岸区,442,886667.5035,3832391.12,887667.5035,3831391.12,0,2,0,0
420102,江岸区,443,886667.5035,3831391.12,887667.5035,3830391.12,3,2,0,1
420102,江岸区,444,886667.5035,3830391.12,887667.5035,3829391.12,3,2,0,0
420102,江岸区,445,886667.5035,3829391.12,887667.5035,3828391.12,4,2,0,3
420102,江岸区,446,886667.5035,3828391.12,887667.5035,3827391.12,3,4,0,0
420102,江岸区,447,886667.5035,3827391.12,887667.5035,3826391.12,1,4,0,0
420102,江岸区,448,886667.5035,3826391.12,887667.5035,3825391.12,2,0,0,0
420102,江岸区,449,886667.5035,3825391.12,887667.5035,3824391.12,0,0,1,0
420102,江岸区,450,886667.5035,3824391.12,887667.5035,3823391.12,0,0,2,0
420103,汉口区,451,886667.5035,3823391.12,887667.5035,3822391.12,0,0,0,0
420105,汉阳区,452,886667.5035,3822391.12,887667.5035,3821391.12,0,0,0,0
420106,武昌区,452,886667.5035,3822391.12,887667.5035,3821391.12,0,0,0,0
420106,武昌区,453,886667.5035,3821391.12,887667.5035,3820391.12,0,0,0,0
420106,武昌区,454,886667.5035,3820391.12,887667.5035,3819391.12,0,0,0,0
420106,武昌区,455,886667.5035,3819391.12,887667.5035,3818391.12,0,0,0,0
420106,武昌区,456,886667.5035,3818391.12,887667.5035,3817391.12,0,0,0,0
420106,武昌区,457,886667.5035,3817391.12,887667.5035,3816391.12,0,0,0,0
420111,洪山区,457,886667.5035,3817391.12,887667.5035,3816391.12,0,0,0,0
420111,洪山区,458,886667.5035,3816391.12,887667.5035,3815391.12,0,0,0,0
420111,洪山区,459,886667.5035,3815391.12,887667.5035,3814391.12,0,0,0,0
420111,洪山区,460,886667.5035,3814391.12,887667.5035,3813391.12,0,0,0,0
420111,洪山区,461,886667.5035,3813391.12,887667.5035,3812391.12,0,0,0,0
420111,洪山区,462,886667.5035,3812391.12,887667.5035,3811391.12,0,0,0,0
420102,江岸区,467,887667.5035,3836391.12,888667.5035,3835391.12,0,0,0,0
420102,江岸区,468,887667.5035,3835391.12,888667.5035,3834391.12,0,0,0,0
420102,江岸区,469,887667.5035,3834391.12,888667.5035,3833391.12,0,0,0,0
420102,江岸区,470,887667.5035,3833391.12,888667.5035,3832391.12,0,0,0,0
420102,江岸区,471,887667.5035,3832391.12,888667.5035,3831391.12,0,0,0,0
420102,江岸区,472,887667.5035,3831391.12,888667.5035,3830391.12,7,0,0,3
420102,江岸区,473,887667.5035,3830391.12,888667.5035,3829391.12,0,4,0,2
420102,江岸区,474,887667.5035,3829391.12,888667.5035,3828391.12,1,2,1,1
420102,江岸区,475,887667.5035,3828391.12,888667.5035,3827391.12,0,0,1,0
420102,江岸区,476,887667.5035,3827391.12,888667.5035,3826391.12,0,0,0,0
420106,武昌区,477,887667.5035,3826391.12,888667.5035,3825391.12,0,0,0,0
420102,江岸区,478,887667.5035,3825391.12,888667.5035,3824391.12,0,0,0,0
420102,江岸区,479,887667.5035,3824391.12,888667.5035,3823391.12,0,0,0,0
420106,武昌区,479,887667.5035,3824391.12,888667.5035,3823391.12,0,0,0,0
420106,武昌区,480,887667.5035,3823391.12,888667.5035,3822391.12,0,2,0,0
420106,武昌区,481,887667.5035,3822391.12,888667.5035,3821391.12,3,0,0,0
420106,武昌区,482,887667.5035,3821391.12,888667.5035,3820391.12,2,0,0,2
420106,武昌区,483,887667.5035,3820391.12,888667.5035,3819391.12,6,4,1,0
420106,武昌区,484,887667.5035,3819391.12,888667.5035,3818391.12,0,0,1,0
420106,武昌区,485,887667.5035,3818391.12,888667.5035,3817391.12,0,0,0,0
420106,武昌区,486,887667.5035,3817391.12,888667.5035,3816391.12,0,0,0,0
420111,洪山区,486,887667.5035,3817391.12,888667.5035,3816391.12,0,0,0,0
420111,洪山区,487,887667.5035,3816391.12,888667.5035,3815391.12,0,0,0,0
420111,洪山区,488,887667.5035,3815391.12,888667.5035,3814391.12,0,0,0,0
420111,洪山区,489,887667.5035,3814391.12,888667.5035,3813391.12,0,0,0,0
420111,洪山区,490,887667.5035,3813391.12,888667.5035,3812391.12,0,0,0,0
420111,洪山区,491,887667.5035,3812391.12,888667.5035,3811391.12,0,0,0,0
420102,江岸区,496,888667.5035,3836391.12,889667.5035,3835391.12,0,0,0,0
420102,江岸区,497,888667.5035,3835391.12,889667.5035,3834391.12,0,0,0,0
420102,江岸区,498,888667.5035,3834391.12,889667.5035,3833391.12,0,2,0,0
420102,江岸区,499,888667.5035,3833391.12,889667.5035,3832391.12,0,4,0,0
420102,江岸区,500,888667.5035,3832391.12,889667.5035,3831391.12,0,2,0,0
420102,江岸区,501,888667.5035,3831391.12,889667.5035,3830391.12,1,0,0,2
420102,江岸区,502,888667.5035,3830391.12,889667.5035,3829391.12,1,0,0,0
420102,江岸区,503,888667.5035,3829391.12,889667.5035,3828391.12,1,0,0,2
420106,武昌区,504,888667.5035,3828391.12,889667.5035,3827391.12,0,0,0,0
420102,江岸区,505,888667.5035,3827391.12,889667.5035,3826391.12,0,0,0,0
420106,武昌区,505,888667.5035,3827391.12,889667.5035,3826391.12,0,0,0,0
420102,江岸区,506,888667.5035,3826391.12,889667.5035,3825391.12,2,0,0,0
420106,武昌区,507,888667.5035,3825391.12,889667.5035,3824391.12,0,0,0,0
420106,武昌区,508,888667.5035,3824391.12,889667.5035,3823391.12,0,0,0,0
420106,武昌区,509,888667.5035,3823391.12,889667.5035,3822391.12,0,2,0,0
420111,洪山区,509,888667.5035,3823391.12,889667.5035,3822391.12,0,2,0,0
420106,武昌区,510,888667.5035,3822391.12,889667.5035,3821391.12,7,4,0,0
420106,武昌区,511,888667.5035,3821391.12,889667.5035,3820391.12,5,2,2,2
420106,武昌区,512,888667.5035,3820391.12,889667.5035,3819391.12,2,2,0,4
420106,武昌区,513,888667.5035,3819391.12,889667.5035,3818391.12,0,2,0,3
420111,洪山区,514,888667.5035,3818391.12,889667.5035,3817391.12,0,2,0,0
420106,武昌区,515,888667.5035,3817391.12,889667.5035,3816391.12,0,0,0,0
420106,武昌区,516,888667.5035,3816391.12,889667.5035,3815391.12,0,2,0,0
420111,洪山区,517,888667.5035,3815391.12,889667.5035,3814391.12,0,0,0,0
420111,洪山区,518,888667.5035,3814391.12,889667.5035,3813391.12,0,2,0,0
420111,洪山区,519,888667.5035,3813391.12,889667.5035,3812391.12,0,0,0,0
420111,洪山区,520,888667.5035,3812391.12,889667.5035,3811391.12,0,0,0,0
420102,江岸区,524,889667.5035,3837391.12,890667.5035,3836391.12,0,0,0,0
420102,江岸区,525,889667.5035,3836391.12,890667.5035,3835391.12,0,0,0,0
420102,江岸区,526,889667.5035,3835391.12,890667.5035,3834391.12,0,4,0,0
420102,江岸区,527,889667.5035,3834391.12,890667.5035,3833391.12,0,0,0,0
420102,江岸区,528,889667.5035,3833391.12,890667.5035,3832391.12,0,0,0,0
420102,江岸区,529,889667.5035,3832391.12,890667.5035,3831391.12,0,0,0,0
420102,江岸区,530,889667.5035,3831391.12,890667.5035,3830391.12,0,0,0,0
420106,武昌区,531,889667.5035,3830391.12,890667.5035,3829391.12,0,0,0,0
420102,江岸区,532,889667.5035,3829391.12,890667.5035,3828391.12,0,0,0,0
420102,江岸区,533,889667.5035,3828391.12,890667.5035,3827391.12,0,0,0,0
420106,武昌区,533,889667.5035,3828391.12,890667.5035,3827391.12,0,0,0,0
420106,武昌区,534,889667.5035,3827391.12,890667.5035,3826391.12,1,0,0,0
420106,武昌区,535,889667.5035,3826391.12,890667.5035,3825391.12,2,4,0,0
420106,武昌区,536,889667.5035,3825391.12,890667.5035,3824391.12,5,2,0,0
420111,洪山区,537,889667.5035,3824391.12,890667.5035,3823391.12,0,0,0,0
420111,洪山区,538,889667.5035,3823391.12,890667.5035,3822391.12,0,0,0,0
420106,武昌区,539,889667.5035,3822391.12,890667.5035,3821391.12,2,2,0,1
420106,武昌区,540,889667.5035,3821391.12,890667.5035,3820391.12,2,0,0,1
420106,武昌区,541,889667.5035,3820391.12,890667.5035,3819391.12,2,0,0,2
420106,武昌区,542,889667.5035,3819391.12,890667.5035,3818391.12,0,2,0,4
420111,洪山区,543,889667.5035,3818391.12,890667.5035,3817391.12,0,0,0,1
420111,洪山区,544,889667.5035,3817391.12,890667.5035,3816391.12,0,0,0,0
420111,洪山区,545,889667.5035,3816391.12,890667.5035,3815391.12,0,0,0,0
420111,洪山区,546,889667.5035,3815391.12,890667.5035,3814391.12,0,0,0,0
420111,洪山区,547,889667.5035,3814391.12,890667.5035,3813391.12,0,0,0,0
420111,洪山区,548,889667.5035,3813391.12,890667.5035,3812391.12,0,2,0,0
420111,洪山区,549,889667.5035,3812391.12,890667.5035,3811391.12,0,0,0,0
420102,江岸区,553,890667.5035,3837391.12,891667.5035,3836391.12,0,0,0,0
420102,江岸区,554,890667.5035,3836391.12,891667.5035,3835391.12,0,0,0,0
420102,江岸区,555,890667.5035,3835391.12,891667.5035,3834391.12,0,0,0,0
420102,江岸区,556,890667.5035,3834391.12,891667.5035,3833391.12,0,0,0,0
420102,江岸区,557,890667.5035,3833391.12,891667.5035,3832391.12,0,0,0,0
420111,洪山区,558,890667.5035,3832391.12,891667.5035,3831391.12,0,0,0,0
420102,江岸区,559,890667.5035,3831391.12,891667.5035,3830391.12,0,0,0,0
420102,江岸区,560,890667.5035,3830391.12,891667.5035,3829391.12,0,0,0,0
420106,武昌区,561,890667.5035,3829391.12,891667.5035,3828391.12,0,0,0,0
420106,武昌区,562,890667.5035,3828391.12,891667.5035,3827391.12,0,0,0,0
420106,武昌区,563,890667.5035,3827391.12,891667.5035,3826391.12,0,0,0,0
420106,武昌区,564,890667.5035,3826391.12,891667.5035,3825391.12,1,2,0,0
420106,武昌区,565,890667.5035,3825391.12,891667.5035,3824391.12,2,0,0,0
420106,武昌区,566,890667.5035,3824391.12,891667.5035,3823391.12,0,0,0,0
420111,洪山区,567,890667.5035,3823391.12,891667.5035,3822391.12,0,0,0,0
420106,武昌区,568,890667.5035,3822391.12,891667.5035,3821391.12,0,2,0,0
420106,武昌区,569,890667.5035,3821391.12,891667.5035,3820391.12,2,4,0,0
420106,武昌区,570,890667.5035,3820391.12,891667.5035,3819391.12,2,6,0,0
420106,武昌区,571,890667.5035,3819391.12,891667.5035,3818391.12,0,0,1,0
420111,洪山区,572,890667.5035,3818391.12,891667.5035,3817391.12,0,0,0,0
420111,洪山区,573,890667.5035,3817391.12,891667.5035,3816391.12,0,0,0,0
420111,洪山区,574,890667.5035,3816391.12,891667.5035,3815391.12,0,0,0,0
420111,洪山区,575,890667.5035,3815391.12,891667.5035,3814391.12,0,0,0,0
420111,洪山区,576,890667.5035,3814391.12,891667.5035,3813391.12,0,0,0,0
420111,洪山区,577,890667.5035,3813391.12,891667.5035,3812391.12,0,0,0,0
420111,洪山区,578,890667.5035,3812391.12,891667.5035,3811391.12,0,0,0,0
420102,江岸区,582,891667.5035,3837391.12,892667.5035,3836391.12,0,2,0,0
420102,江岸区,583,891667.5035,3836391.12,892667.5035,3835391.12,0,2,0,0
420102,江岸区,584,891667.5035,3835391.12,892667.5035,3834391.12,0,0,0,0
420102,江岸区,585,891667.5035,3834391.12,892667.5035,3833391.12,0,0,0,0
420111,洪山区,585,891667.5035,3834391.12,892667.5035,3833391.12,0,0,0,0
420111,洪山区,586,891667.5035,3833391.12,892667.5035,3832391.12,0,0,0,0
420111,洪山区,587,891667.5035,3832391.12,892667.5035,3831391.12,0,0,0,0
420107,青山区,588,891667.5035,3831391.12,892667.5035,3830391.12,0,0,0,0
420106,武昌区,589,891667.5035,3830391.12,892667.5035,3829391.12,0,0,0,0
420107,青山区,589,891667.5035,3830391.12,892667.5035,3829391.12,0,0,0,0
420106,武昌区,590,891667.5035,3829391.12,892667.5035,3828391.12,0,0,0,0
420107,青山区,590,891667.5035,3829391.12,892667.5035,3828391.12,0,0,0,0
420106,武昌区,591,891667.5035,3828391.12,892667.5035,3827391.12,0,0,0,0
420106,武昌区,592,891667.5035,3827391.12,892667.5035,3826391.12,0,0,0,0
420106,武昌区,593,891667.5035,3826391.12,892667.5035,3825391.12,0,2,0,0
420111,洪山区,593,891667.5035,3826391.12,892667.5035,3825391.12,0,2,0,0
420106,武昌区,594,891667.5035,3825391.12,892667.5035,3824391.12,1,2,0,0
420106,武昌区,595,891667.5035,3824391.12,892667.5035,3823391.12,0,0,0,0
420111,洪山区,595,891667.5035,3824391.12,892667.5035,3823391.12,0,2,0,0
420106,武昌区,596,891667.5035,3823391.12,892667.5035,3822391.12,0,2,0,0
420106,武昌区,597,891667.5035,3822391.12,892667.5035,3821391.12,0,0,0,0
420106,武昌区,598,891667.5035,3821391.12,892667.5035,3820391.12,0,0,0,0
420106,武昌区,599,891667.5035,3820391.12,892667.5035,3819391.12,0,0,0,0
420111,洪山区,600,891667.5035,3819391.12,892667.5035,3818391.12,1,0,0,0
420111,洪山区,601,891667.5035,3818391.12,892667.5035,3817391.12,0,0,0,0
420111,洪山区,602,891667.5035,3817391.12,892667.5035,3816391.12,0,0,0,0
420111,洪山区,603,891667.5035,3816391.12,892667.5035,3815391.12,0,0,0,0
420111,洪山区,604,891667.5035,3815391.12,892667.5035,3814391.12,0,0,0,0
420111,洪山区,605,891667.5035,3814391.12,892667.5035,3813391.12,0,0,0,0
420111,洪山区,606,891667.5035,3813391.12,892667.5035,3812391.12,0,0,0,0
420111,洪山区,607,891667.5035,3812391.12,892667.5035,3811391.12,0,0,0,0
420102,江岸区,611,892667.5035,3837391.12,893667.5035,3836391.12,0,0,0,0
420102,江岸区,612,892667.5035,3836391.12,893667.5035,3835391.12,0,0,0,0
420111,洪山区,613,892667.5035,3835391.12,893667.5035,3834391.12,0,0,0,0
420102,江岸区,614,892667.5035,3834391.12,893667.5035,3833391.12,0,0,0,0
420111,洪山区,615,892667.5035,3833391.12,893667.5035,3832391.12,0,0,0,0
420107,青山区,616,892667.5035,3832391.12,893667.5035,3831391.12,0,0,0,0
420107,青山区,617,892667.5035,3831391.12,893667.5035,3830391.12,0,0,0,2
420107,青山区,618,892667.5035,3830391.12,893667.5035,3829391.12,0,0,0,0
420106,武昌区,619,892667.5035,3829391.12,893667.5035,3828391.12,0,0,0,0
420111,洪山区,619,892667.5035,3829391.12,893667.5035,3828391.12,0,0,0,0
420106,武昌区,620,892667.5035,3828391.12,893667.5035,3827391.12,0,0,0,0
420111,洪山区,621,892667.5035,3827391.12,893667.5035,3826391.12,0,0,0,0
420111,洪山区,622,892667.5035,3826391.12,893667.5035,3825391.12,5,2,0,0
420106,武昌区,623,892667.5035,3825391.12,893667.5035,3824391.12,3,4,0,0
420111,洪山区,623,892667.5035,3825391.12,893667.5035,3824391.12,3,4,0,0
420106,武昌区,624,892667.5035,3824391.12,893667.5035,3823391.12,7,0,0,0
420106,武昌区,625,892667.5035,3823391.12,893667.5035,3822391.12,0,0,0,0
420106,武昌区,626,892667.5035,3822391.12,893667.5035,3821391.12,0,0,0,0
420106,武昌区,627,892667.5035,3821391.12,893667.5035,3820391.12,0,0,0,0
420106,武昌区,628,892667.5035,3820391.12,893667.5035,3819391.12,1,0,0,0
420111,洪山区,628,892667.5035,3820391.12,893667.5035,3819391.12,1,0,0,0
420111,洪山区,629,892667.5035,3819391.12,893667.5035,3818391.12,6,2,1,0
420111,洪山区,630,892667.5035,3818391.12,893667.5035,3817391.12,4,0,0,0
420111,洪山区,631,892667.5035,3817391.12,893667.5035,3816391.12,1,0,0,0
420111,洪山区,632,892667.5035,3816391.12,893667.5035,3815391.12,0,0,0,1
420111,洪山区,633,892667.5035,3815391.12,893667.5035,3814391.12,0,0,0,0
420111,洪山区,634,892667.5035,3814391.12,893667.5035,3813391.12,0,0,0,0
420111,洪山区,635,892667.5035,3813391.12,893667.5035,3812391.12,0,0,0,0
420111,洪山区,636,892667.5035,3812391.12,893667.5035,3811391.12,0,0,0,0
420102,江岸区,640,893667.5035,3837391.12,894667.5035,3836391.12,0,0,0,0
420102,江岸区,641,893667.5035,3836391.12,894667.5035,3835391.12,0,0,0,0
420111,洪山区,641,893667.5035,3836391.12,894667.5035,3835391.12,0,0,0,0
420111,洪山区,642,893667.5035,3835391.12,894667.5035,3834391.12,0,0,0,0
420111,洪山区,643,893667.5035,3834391.12,894667.5035,3833391.12,0,0,0,0
420107,青山区,644,893667.5035,3833391.12,894667.5035,3832391.12,0,0,0,0
420107,青山区,645,893667.5035,3832391.12,894667.5035,3831391.12,0,0,0,0
420111,洪山区,645,893667.5035,3832391.12,894667.5035,3831391.12,0,0,0,0
420107,青山区,646,893667.5035,3831391.12,894667.5035,3830391.12,0,0,0,1
420107,青山区,647,893667.5035,3830391.12,894667.5035,3829391.12,0,0,0,0
420111,洪山区,648,893667.5035,3829391.12,894667.5035,3828391.12,0,0,0,0
420111,洪山区,649,893667.5035,3828391.12,894667.5035,3827391.12,0,2,0,0
420111,洪山区,650,893667.5035,3827391.12,894667.5035,3826391.12,0,2,0,0
420111,洪山区,651,893667.5035,3826391.12,894667.5035,3825391.12,5,0,0,0
420111,洪山区,652,893667.5035,3825391.12,894667.5035,3824391.12,1,2,0,0
420106,武昌区,653,893667.5035,3824391.12,894667.5035,3823391.12,8,0,0,0
420106,武昌区,654,893667.5035,3823391.12,894667.5035,3822391.12,0,0,1,0
420106,武昌区,655,893667.5035,3822391.12,894667.5035,3821391.12,0,0,0,0
420106,武昌区,656,893667.5035,3821391.12,894667.5035,3820391.12,0,0,0,0
420111,洪山区,657,893667.5035,3820391.12,894667.5035,3819391.12,1,0,0,0
420111,洪山区,658,893667.5035,3819391.12,894667.5035,3818391.12,7,2,1,0
420111,洪山区,659,893667.5035,3818391.12,894667.5035,3817391.12,5,0,0,0
420111,洪山区,660,893667.5035,3817391.12,894667.5035,3816391.12,2,0,0,0
420111,洪山区,661,893667.5035,3816391.12,894667.5035,3815391.12,0,0,0,1
420111,洪山区,662,893667.5035,3815391.12,894667.5035,3814391.12,0,0,0,0
420111,洪山区,663,893667.5035,3814391.12,894667.5035,3813391.12,0,0,0,0
420111,洪山区,664,893667.5035,3813391.12,894667.5035,3812391.12,0,0,0,0
420111,洪山区,670,894667.5035,3836391.12,895667.5035,3835391.12,0,0,0,0
420111,洪山区,671,894667.5035,3835391.12,895667.5035,3834391.12,0,0,0,0
420111,洪山区,672,894667.5035,3834391.12,895667.5035,3833391.12,0,0,0,0
420111,洪山区,673,894667.5035,3833391.12,895667.5035,3832391.12,0,0,0,0
420107,青山区,674,894667.5035,3832391.12,895667.5035,3831391.12,0,0,0,0
420107,青山区,675,894667.5035,3831391.12,895667.5035,3830391.12,0,0,1,0
420107,青山区,676,894667.5035,3830391.12,895667.5035,3829391.12,0,0,0,0
420111,洪山区,676,894667.5035,3830391.12,895667.5035,3829391.12,0,0,0,0
420111,洪山区,677,894667.5035,3829391.12,895667.5035,3828391.12,0,0,0,0
420111,洪山区,678,894667.5035,3828391.12,895667.5035,3827391.12,0,2,0,0
420106,武昌区,679,894667.5035,3827391.12,895667.5035,3826391.12,0,0,0,0
420106,武昌区,680,894667.5035,3826391.12,895667.5035,3825391.12,0,0,1,0
420111,洪山区,680,894667.5035,3826391.12,895667.5035,3825391.12,0,0,1,0
420106,武昌区,681,894667.5035,3825391.12,895667.5035,3824391.12,0,0,0,0
420111,洪山区,681,894667.5035,3825391.12,895667.5035,3824391.12,0,0,0,0
420106,武昌区,682,894667.5035,3824391.12,895667.5035,3823391.12,0,0,0,0
420106,武昌区,683,894667.5035,3823391.12,895667.5035,3822391.12,0,0,0,0
420106,武昌区,684,894667.5035,3822391.12,895667.5035,3821391.12,0,0,0,0
420111,洪山区,685,894667.5035,3821391.12,895667.5035,3820391.12,0,0,0,0
420106,武昌区,686,894667.5035,3820391.12,895667.5035,3819391.12,0,0,0,0
420111,洪山区,687,894667.5035,3819391.12,895667.5035,3818391.12,1,0,0,0
420111,洪山区,688,894667.5035,3818391.12,895667.5035,3817391.12,3,2,0,0
420111,洪山区,689,894667.5035,3817391.12,895667.5035,3816391.12,0,0,0,1
420111,洪山区,690,894667.5035,3816391.12,895667.5035,3815391.12,0,0,1,2
420111,洪山区,691,894667.5035,3815391.12,895667.5035,3814391.12,0,0,0,0
420111,洪山区,692,894667.5035,3814391.12,895667.5035,3813391.12,0,0,0,0
420111,洪山区,693,894667.5035,3813391.12,895667.5035,3812391.12,0,0,0,0
420111,洪山区,700,895667.5035,3835391.12,896667.5035,3834391.12,0,0,0,0
420107,青山区,701,895667.5035,3834391.12,896667.5035,3833391.12,0,0,0,0
420111,洪山区,701,895667.5035,3834391.12,896667.5035,3833391.12,0,0,0,0
420107,青山区,702,895667.5035,3833391.12,896667.5035,3832391.12,0,0,0,0
420107,青山区,703,895667.5035,3832391.12,896667.5035,3831391.12,0,0,0,0
420111,洪山区,704,895667.5035,3831391.12,896667.5035,3830391.12,0,0,0,1
420107,青山区,705,895667.5035,3830391.12,896667.5035,3829391.12,0,0,0,0
420111,洪山区,706,895667.5035,3829391.12,896667.5035,3828391.12,0,0,0,0
420106,武昌区,707,895667.5035,3828391.12,896667.5035,3827391.12,0,0,0,0
420111,洪山区,708,895667.5035,3827391.12,896667.5035,3826391.12,0,0,0,0
420106,武昌区,709,895667.5035,3826391.12,896667.5035,3825391.12,0,0,0,0
420106,武昌区,710,895667.5035,3825391.12,896667.5035,3824391.12,0,0,0,0
420106,武昌区,711,895667.5035,3824391.12,896667.5035,3823391.12,0,0,0,0
420106,武昌区,712,895667.5035,3823391.12,896667.5035,3822391.12,0,0,0,0
420106,武昌区,713,895667.5035,3822391.12,896667.5035,3821391.12,0,0,0,0
420106,武昌区,714,895667.5035,3821391.12,896667.5035,3820391.12,0,0,0,0
420111,洪山区,714,895667.5035,3821391.12,896667.5035,3820391.12,0,0,0,0
420111,洪山区,715,895667.5035,3820391.12,896667.5035,3819391.12,0,0,0,0
420111,洪山区,716,895667.5035,3819391.12,896667.5035,3818391.12,0,0,0,0
420111,洪山区,717,895667.5035,3818391.12,896667.5035,3817391.12,2,0,0,1
420111,洪山区,718,895667.5035,3817391.12,896667.5035,3816391.12,1,2,0,0
420111,洪山区,719,895667.5035,3816391.12,896667.5035,3815391.12,0,0,0,2
420111,洪山区,720,895667.5035,3815391.12,896667.5035,3814391.12,0,0,0,0
420111,洪山区,721,895667.5035,3814391.12,896667.5035,3813391.12,0,0,0,0
420107,青山区,732,896667.5035,3832391.12,897667.5035,3831391.12,0,0,0,0
420111,洪山区,733,896667.5035,3831391.12,897667.5035,3830391.12,0,0,0,0
420111,洪山区,734,896667.5035,3830391.12,897667.5035,3829391.12,0,0,0,0
420111,洪山区,735,896667.5035,3829391.12,897667.5035,3828391.12,0,0,0,0
420111,洪山区,736,896667.5035,3828391.12,897667.5035,3827391.12,0,2,0,0
420106,武昌区,737,896667.5035,3827391.12,897667.5035,3826391.12,0,0,0,0
420106,武昌区,738,896667.5035,3826391.12,897667.5035,3825391.12,0,0,0,0
420106,武昌区,739,896667.5035,3825391.12,897667.5035,3824391.12,0,0,0,0
420111,洪山区,740,896667.5035,3824391.12,897667.5035,3823391.12,0,0,0,0
420111,洪山区,741,896667.5035,3823391.12,897667.5035,3822391.12,0,0,0,0
420111,洪山区,742,896667.5035,3822391.12,897667.5035,3821391.12,0,0,0,0
420106,武昌区,743,896667.5035,3821391.12,897667.5035,3820391.12,0,0,0,0
420111,洪山区,743,896667.5035,3821391.12,897667.5035,3820391.12,0,0,0,0
420111,洪山区,744,896667.5035,3820391.12,897667.5035,3819391.12,0,0,0,0
420111,洪山区,745,896667.5035,3819391.12,897667.5035,3818391.12,1,2,0,0
420111,洪山区,746,896667.5035,3818391.12,897667.5035,3817391.12,0,0,0,0
420111,洪山区,747,896667.5035,3817391.12,897667.5035,3816391.12,0,0,0,0
420111,洪山区,748,896667.5035,3816391.12,897667.5035,3815391.12,0,0,0,0
420111,洪山区,749,896667.5035,3815391.12,897667.5035,3814391.12,0,0,0,0
420111,洪山区,762,897667.5035,3831391.12,898667.5035,3830391.12,0,0,0,0
420111,洪山区,763,897667.5035,3830391.12,898667.5035,3829391.12,0,0,0,0
420111,洪山区,764,897667.5035,3829391.12,898667.5035,3828391.12,0,4,0,0
420106,武昌区,765,897667.5035,3828391.12,898667.5035,3827391.12,0,0,0,0
420106,武昌区,766,897667.5035,3827391.12,898667.5035,3826391.12,0,0,0,0
420111,洪山区,767,897667.5035,3826391.12,898667.5035,3825391.12,0,0,0,0
420111,洪山区,768,897667.5035,3825391.12,898667.5035,3824391.12,0,0,0,0
420106,武昌区,769,897667.5035,3824391.12,898667.5035,3823391.12,0,0,0,0
420111,洪山区,770,897667.5035,3823391.12,898667.5035,3822391.12,0,0,0,0
420111,洪山区,771,897667.5035,3822391.12,898667.5035,3821391.12,0,0,0,0
420111,洪山区,772,897667.5035,3821391.12,898667.5035,3820391.12,0,0,0,0
420111,洪山区,773,897667.5035,3820391.12,898667.5035,3819391.12,0,0,0,0
420111,洪山区,774,897667.5035,3819391.12,898667.5035,3818391.12,2,0,0,0
420111,洪山区,775,897667.5035,3818391.12,898667.5035,3817391.12,0,2,1,0
420111,洪山区,776,897667.5035,3817391.12,898667.5035,3816391.12,0,0,0,0
420111,洪山区,777,897667.5035,3816391.12,898667.5035,3815391.12,0,0,0,0
420111,洪山区,778,897667.5035,3815391.12,898667.5035,3814391.12,0,0,0,0
420111,洪山区,779,897667.5035,3814391.12,898667.5035,3813391.12,0,0,0,0
420107,青山区,793,898667.5035,3829391.12,899667.5035,3828391.12,0,0,0,0
420111,洪山区,794,898667.5035,3828391.12,899667.5035,3827391.12,0,0,0,0
420111,洪山区,795,898667.5035,3827391.12,899667.5035,3826391.12,0,0,0,0
420111,洪山区,796,898667.5035,3826391.12,899667.5035,3825391.12,0,0,0,0
420111,洪山区,797,898667.5035,3825391.12,899667.5035,3824391.12,0,0,0,0
420111,洪山区,798,898667.5035,3824391.12,899667.5035,3823391.12,0,0,0,0
420111,洪山区,799,898667.5035,3823391.12,899667.5035,3822391.12,0,0,0,0
420111,洪山区,800,898667.5035,3822391.12,899667.5035,3821391.12,0,0,0,0
420111,洪山区,801,898667.5035,3821391.12,899667.5035,3820391.12,0,0,0,0
420111,洪山区,802,898667.5035,3820391.12,899667.5035,3819391.12,0,0,0,0
420111,洪山区,803,898667.5035,3819391.12,899667.5035,3818391.12,0,0,0,0
420111,洪山区,804,898667.5035,3818391.12,899667.5035,3817391.12,0,2,1,0
420111,洪山区,805,898667.5035,3817391.12,899667.5035,3816391.12,0,0,0,0
420111,洪山区,806,898667.5035,3816391.12,899667.5035,3815391.12,0,0,0,0
420111,洪山区,807,898667.5035,3815391.12,899667.5035,3814391.12,0,0,0,0
420111,洪山区,824,899667.5035,3827391.12,900667.5035,3826391.12,0,0,0,0
420111,洪山区,825,899667.5035,3826391.12,900667.5035,3825391.12,0,0,0,0
420111,洪山区,826,899667.5035,3825391.12,900667.5035,3824391.12,0,0,0,0
420111,洪山区,827,899667.5035,3824391.12,900667.5035,3823391.12,0,0,0,0
420111,洪山区,828,899667.5035,3823391.12,900667.5035,3822391.12,0,0,0,0
420111,洪山区,829,899667.5035,3822391.12,900667.5035,3821391.12,0,0,0,0
420111,洪山区,830,899667.5035,3821391.12,900667.5035,3820391.12,0,0,0,0
420111,洪山区,831,899667.5035,3820391.12,900667.5035,3819391.12,0,0,0,0
420111,洪山区,832,899667.5035,3819391.12,900667.5035,3818391.12,0,0,0,0
420111,洪山区,833,899667.5035,3818391.12,900667.5035,3817391.12,0,2,0,0
420111,洪山区,834,899667.5035,3817391.12,900667.5035,3816391.12,0,2,0,0
420111,洪山区,835,899667.5035,3816391.12,900667.5035,3815391.12,0,0,0,0
420111,洪山区,836,899667.5035,3815391.12,900667.5035,3814391.12,0,0,0,0
420111,洪山区,854,900667.5035,3826391.12,901667.5035,3825391.12,0,0,0,0
420111,洪山区,855,900667.5035,3825391.12,901667.5035,3824391.12,0,0,0,0
420111,洪山区,856,900667.5035,3824391.12,901667.5035,3823391.12,0,0,0,0
420111,洪山区,857,900667.5035,3823391.12,901667.5035,3822391.12,0,0,0,0
420111,洪山区,858,900667.5035,3822391.12,901667.5035,3821391.12,0,0,0,0
420111,洪山区,859,900667.5035,3821391.12,901667.5035,3820391.12,0,0,0,0
420111,洪山区,860,900667.5035,3820391.12,901667.5035,3819391.12,0,0,0,0
420111,洪山区,861,900667.5035,3819391.12,901667.5035,3818391.12,0,0,0,0
420111,洪山区,862,900667.5035,3818391.12,901667.5035,3817391.12,0,0,0,0
420111,洪山区,863,900667.5035,3817391.12,901667.5035,3816391.12,0,0,0,0
420111,洪山区,885,901667.5035,3824391.12,902667.5035,3823391.12,0,0,0,0
420111,洪山区,886,901667.5035,3823391.12,902667.5035,3822391.12,0,0,0,0
420111,洪山区,887,901667.5035,3822391.12,902667.5035,3821391.12,0,0,0,0
420111,洪山区,888,901667.5035,3821391.12,902667.5035,3820391.12,0,0,0,0
420111,洪山区,889,901667.5035,3820391.12,902667.5035,3819391.12,0,0,0,0
420111,洪山区,890,901667.5035,3819391.12,902667.5035,3818391.12,0,0,0,0
420111,洪山区,891,901667.5035,3818391.12,902667.5035,3817391.12,0,0,0,0
420111,洪山区,892,901667.5035,3817391.12,902667.5035,3816391.12,0,0,0,0
420111,洪山区,916,902667.5035,3822391.12,903667.5035,3821391.12,0,0,0,0
420111,洪山区,917,902667.5035,3821391.12,903667.5035,3820391.12,0,0,0,0
420111,洪山区,918,902667.5035,3820391.12,903667.5035,3819391.12,0,0,0,0
420111,洪山区,919,902667.5035,3819391.12,903667.5035,3818391.12,0,0,0,0
420111,洪山区,920,902667.5035,3818391.12,903667.5035,3817391.12,0,0,0,0
